{
  "rng1": [
    0.6270739405881613,
    0.002735721180215478,
    0.5274470399599522,
    0.9810509674716741,
    0.9683778982143849
  ],
  "rng42": [
    0.6011037519201636,
    0.44829055899754167,
    0.8524657934904099,
    0.6697340414393693,
    0.17481389874592423
  ],
  "scenario1000": {
    "name": "gen-1000",
    "seed": 1000,
    "allyPos": {
      "x": 8.07454831735231,
      "y": 0.5522300857119262,
      "z": -0.5786311288364231
    },
    "allyVel": {
      "x": -0.002995888413861395,
      "y": 0,
      "z": -0.007975878277793527
    },
    "asteroidPos": {
      "x": 3.3320426400750875,
      "y": 0.42724000215530394,
      "z": 3.4009413425810635
    },
    "asteroidVel": {
      "x": -0.051504765213467175,
      "y": 0,
      "z": -0.05263527187518775
    },
    "covAlly": [
      [
        0.0004,
        0,
        0
      ],
      [
        0,
        0.0004,
        0
      ],
      [
        0,
        0,
        0.0004
      ]
    ],
    "covAsteroid": [
      [
        0.012075099197751323,
        0,
        0
      ],
      [
        0,
        0.022516319596934925,
        0
      ],
      [
        0,
        0,
        0.007918936943890094
      ]
    ]
  },
  "tca": 10,
  "miss": 0.05,
  "pc": 0.10482981695946542,
  "optimalDefault": {
    "status": "RESOLVED",
    "dvUsed": 2.064030444301898,
    "parDv": 2.000625375283562,
    "resolved": true
  },
  "optimalGen": {
    "status": "RESOLVED",
    "dvUsed": 0,
    "parDv": 0
  }
}